{"cameraMode":{"drawMode":0,"name":"Shaded","section":"Shading Mode"},"sceneLighting":true,"audioPlay":false,"sceneViewState":{"m_AlwaysRefresh":false,"showFog":true,"showSkybox":true,"showFlares":true,"showImageEffects":true,"showParticleSystems":true,"showVisualEffectGraphs":true,"m_FxEnabled":true},"in2DMode":false,"pivot":{"x":-0.9701926112174988,"y":26.494365692138673,"z":-8.40263557434082},"rotation":{"x":0.00018262611411046237,"y":0.420284628868103,"z":0.0003901763411704451,"w":0.9076059460639954},"size":12.124356269836426,"orthographic":false}